-- phpMyAdmin SQL Dump
-- version 3.5.6
-- http://www.phpmyadmin.net
--
-- Host: localhost
-- Generation Time: Jul 09, 2013 at 08:22 AM
-- Server version: 5.1.66-community-log
-- PHP Version: 5.3.10

SET SQL_MODE="NO_AUTO_VALUE_ON_ZERO";
SET time_zone = "+00:00";


/*!40101 SET @OLD_CHARACTER_SET_CLIENT=@@CHARACTER_SET_CLIENT */;
/*!40101 SET @OLD_CHARACTER_SET_RESULTS=@@CHARACTER_SET_RESULTS */;
/*!40101 SET @OLD_COLLATION_CONNECTION=@@COLLATION_CONNECTION */;
/*!40101 SET NAMES utf8 */;

--
-- Database: `mycpd`
--

-- --------------------------------------------------------

--
-- Table structure for table `activity`
--

DROP TABLE IF EXISTS `activity`;
CREATE TABLE IF NOT EXISTS `activity` (
  `id` int(11) NOT NULL AUTO_INCREMENT,
  `moodle_user_id` bigint(10) NOT NULL,
  `title` varchar(250) NOT NULL,
  `provider` varchar(250) NOT NULL,
  `learning_outcomes` varchar(250) NOT NULL,
  `planned_date` date NOT NULL,
  `cpd_type_id` int(11) DEFAULT NULL,
  `target_id` int(11) NOT NULL,
  `impact` varchar(250) DEFAULT NULL,
  `priority_type_id` int(11) DEFAULT NULL,
  `completed_date` date DEFAULT NULL,
  `evaluation_url` varchar(50) DEFAULT NULL,
  `hours_of_cpd` decimal(7,2) NOT NULL,
  `rating` int(1) DEFAULT NULL COMMENT 'rating out of 5',
  `evaluation_notes` varchar(500) DEFAULT NULL,
  PRIMARY KEY (`id`),
  KEY `learning_plan_target_id` (`target_id`),
  KEY `priority_type_id` (`priority_type_id`),
  KEY `moodle_user_id` (`moodle_user_id`),
  KEY `cpd_type_id` (`cpd_type_id`)
) ENGINE=InnoDB  DEFAULT CHARSET=utf8 AUTO_INCREMENT=39 ;

--
-- Dumping data for table `activity`
--

INSERT INTO `activity` (`id`, `moodle_user_id`, `title`, `provider`, `learning_outcomes`, `planned_date`, `cpd_type_id`, `target_id`, `impact`, `priority_type_id`, `completed_date`, `evaluation_url`, `hours_of_cpd`, `rating`, `evaluation_notes`) VALUES
(1, 43, 'Rise and Shine', '', 'Creative assessment techniques to implement in to practice', '2013-02-26', 1, 1, 'Lessons will be structured with regular assessment activities so students are on task and know their progress rate', 7, '2013-03-12', ' ', '0.00', 0, NULL),
(2, 43, 'Rise and Shine            ', '', 'Effective questioning technique            ', '2013-02-26', 1, 2, 'Questions will encourage students to think independently, keep them engaged and included', 8, '2013-03-22', ' ', '0.00', 0, NULL),
(3, 43, ' Parents evening            ', '', 'Some really important learning outcomes                        ', '2013-03-01', 1, 4, 'Review dyslexia strategies', 8, '2013-03-19', '', '0.00', 0, NULL),
(4, 43, 'Claro read training', '', 'Understand the uses of Claro read, how to integrate into lessons and basic awareness of features', '2013-04-19', 1, 4, 'Integration of learning support technology for dyslexic students', 7, NULL, NULL, '0.00', NULL, NULL),
(5, 43, 'Peer Observation', '', 'See Colleague C teaching level 1 class using Interactive whiteboard', '2013-03-27', 1, 1, 'Transfer good practice to my level 1 session next Wednesday as part of group assessment task', 8, NULL, NULL, '0.00', NULL, NULL),
(7, 43, 'An old activity', '0 ', 'Just a test', '2011-06-01', 1, 2, 'Test data', 8, '2012-11-09', NULL, '0.00', 0, NULL),
(15, 2528, '<!DOCTYPE html PUBLIC "-//W3C//DTD XHTML 1.0 Transitional//EN" "http://www.w3.org/TR/xhtml1/DTD/xhtml1-transitional.dtd">\r\n<html>\r\n<head>\r\n</head>\r\n<body>\r\n<p>Rise and Shine</p>\r\n</body>\r\n</html>', 'Rise and Shine2', '<!DOCTYPE html PUBLIC "-//W3C//DTD XHTML 1.0 Transitional//EN" "http://www.w3.org/TR/xhtml1/DTD/xhtml1-transitional.dtd">\r\n<html>\r\n<head>\r\n</head>\r\n<body>\r\n<p>Creative assessment techniques to implement in to practice</p>\r\n</body>\r\n</html>', '2013-07-28', NULL, 1, '<!DOCTYPE html PUBLIC "-//W3C//DTD XHTML 1.0 Transitional//EN" "http://www.w3.org/TR/xhtml1/DTD/xhtml1-transitional.dtd">\r\n<html>\r\n<head>\r\n</head>\r\n<body>\r\n<p>Lessons will be structured with regular assessment activities so students are on task.</p>\r', 7, '2013-07-29', NULL, '0.00', 2, '<!DOCTYPE html PUBLIC "-//W3C//DTD XHTML 1.0 Transitional//EN" "http://www.w3.org/TR/xhtml1/DTD/xhtml1-transitional.dtd">\r\n<html>\r\n<head>\r\n</head>\r\n<body>\r\n<p>abc</p>\r\n</body>\r\n</html>'),
(34, 2528, '<!DOCTYPE html PUBLIC "-//W3C//DTD XHTML 1.0 Transitional//EN" "http://www.w3.org/TR/xhtml1/DTD/xhtml1-transitional.dtd">\r\n<html>\r\n<head>\r\n</head>\r\n<body>\r\n<p>Rise and Shine</p>\r\n</body>\r\n</html>', '', '<!DOCTYPE html PUBLIC "-//W3C//DTD XHTML 1.0 Transitional//EN" "http://www.w3.org/TR/xhtml1/DTD/xhtml1-transitional.dtd">\r\n<html>\r\n<head>\r\n</head>\r\n<body>\r\n<p>Effective questioning technique</p>\r\n</body>\r\n</html>', '2013-11-22', NULL, 1, '<!DOCTYPE html PUBLIC "-//W3C//DTD XHTML 1.0 Transitional//EN" "http://www.w3.org/TR/xhtml1/DTD/xhtml1-transitional.dtd">\r\n<html>\r\n<head>\r\n</head>\r\n<body>\r\n<p>Questions will encourage students to think independently, keep them engaged and included</p', 8, NULL, NULL, '0.00', NULL, NULL),
(35, 2528, '<!DOCTYPE html PUBLIC "-//W3C//DTD XHTML 1.0 Transitional//EN" "http://www.w3.org/TR/xhtml1/DTD/xhtml1-transitional.dtd">\r\n<html>\r\n<head>\r\n</head>\r\n<body>\r\n<p>Meeting with Dyslexia tutor</p>\r\n</body>\r\n</html>', '', '<!DOCTYPE html PUBLIC "-//W3C//DTD XHTML 1.0 Transitional//EN" "http://www.w3.org/TR/xhtml1/DTD/xhtml1-transitional.dtd">\r\n<html>\r\n<head>\r\n</head>\r\n<body>\r\n<p>Review dyslexia strategies</p>\r\n</body>\r\n</html>', '2014-02-01', NULL, 1, '<!DOCTYPE html PUBLIC "-//W3C//DTD XHTML 1.0 Transitional//EN" "http://www.w3.org/TR/xhtml1/DTD/xhtml1-transitional.dtd">\r\n<html>\r\n<head>\r\n</head>\r\n<body>\r\n<p>Readily accessible resources for dyslexic students to increase participation</p>\r\n</body>\r\n', 7, NULL, NULL, '0.00', NULL, NULL),
(36, 2528, '<!DOCTYPE html PUBLIC "-//W3C//DTD XHTML 1.0 Transitional//EN" "http://www.w3.org/TR/xhtml1/DTD/xhtml1-transitional.dtd">\r\n<html>\r\n<head>\r\n</head>\r\n<body>\r\n<p>Claro read training</p>\r\n</body>\r\n</html>', '', '<!DOCTYPE html PUBLIC "-//W3C//DTD XHTML 1.0 Transitional//EN" "http://www.w3.org/TR/xhtml1/DTD/xhtml1-transitional.dtd">\r\n<html>\r\n<head>\r\n</head>\r\n<body>\r\n<p>Understand the uses of Claro read, how to integrate into lessons and basic awareness of fea', '2013-11-14', NULL, 4, '<!DOCTYPE html PUBLIC "-//W3C//DTD XHTML 1.0 Transitional//EN" "http://www.w3.org/TR/xhtml1/DTD/xhtml1-transitional.dtd">\r\n<html>\r\n<head>\r\n</head>\r\n<body>\r\n<p>Integration of learning support technology for dyslexic students</p>\r\n</body>\r\n</html>', 8, NULL, NULL, '0.00', NULL, NULL),
(37, 2528, '<!DOCTYPE html PUBLIC "-//W3C//DTD XHTML 1.0 Transitional//EN" "http://www.w3.org/TR/xhtml1/DTD/xhtml1-transitional.dtd">\r\n<html>\r\n<head>\r\n</head>\r\n<body>\r\n<p>Peer Observation</p>\r\n</body>\r\n</html>', '', '<!DOCTYPE html PUBLIC "-//W3C//DTD XHTML 1.0 Transitional//EN" "http://www.w3.org/TR/xhtml1/DTD/xhtml1-transitional.dtd">\r\n<html>\r\n<head>\r\n</head>\r\n<body>\r\n<p>See Colleague C teaching level 1 class using Interactive whiteboard</p>\r\n</body>\r\n</html>', '2013-12-29', NULL, 1, '<!DOCTYPE html PUBLIC "-//W3C//DTD XHTML 1.0 Transitional//EN" "http://www.w3.org/TR/xhtml1/DTD/xhtml1-transitional.dtd">\r\n<html>\r\n<head>\r\n</head>\r\n<body>\r\n<p>Transfer good practice to my level 1 session next Wednesday as part of group assessment tas', 8, NULL, NULL, '0.00', NULL, NULL),
(38, 2528, '<!DOCTYPE html PUBLIC "-//W3C//DTD XHTML 1.0 Transitional//EN" "http://www.w3.org/TR/xhtml1/DTD/xhtml1-transitional.dtd">\r\n<html>\r\n<head>\r\n</head>\r\n<body>\r\n<p>Visit Stakeholder X</p>\r\n</body>\r\n</html>', '', '<!DOCTYPE html PUBLIC "-//W3C//DTD XHTML 1.0 Transitional//EN" "http://www.w3.org/TR/xhtml1/DTD/xhtml1-transitional.dtd">\r\n<html>\r\n<head>\r\n</head>\r\n<body>\r\n<p>Organise enrichment activity for level 3 following meeting with Colleagues A and B</p>\r\n</b', '2013-09-05', NULL, 2, '<!DOCTYPE html PUBLIC "-//W3C//DTD XHTML 1.0 Transitional//EN" "http://www.w3.org/TR/xhtml1/DTD/xhtml1-transitional.dtd">\r\n<html>\r\n<head>\r\n</head>\r\n<body>\r\n<p>Experience a day in the life at Stakeholder X, gain employability skills and experience</p>', 8, NULL, NULL, '0.00', NULL, NULL);

-- --------------------------------------------------------

--
-- Table structure for table `admin_user`
--

DROP TABLE IF EXISTS `admin_user`;
CREATE TABLE IF NOT EXISTS `admin_user` (
  `moodle_user_id` int(11) NOT NULL,
  PRIMARY KEY (`moodle_user_id`)
) ENGINE=InnoDB DEFAULT CHARSET=utf8 COMMENT='identifies users with admin privileges';

--
-- Dumping data for table `admin_user`
--

INSERT INTO `admin_user` (`moodle_user_id`) VALUES
(2),
(2528),
(9886);

-- --------------------------------------------------------

--
-- Table structure for table `cpd_type`
--

DROP TABLE IF EXISTS `cpd_type`;
CREATE TABLE IF NOT EXISTS `cpd_type` (
  `id` int(11) NOT NULL AUTO_INCREMENT,
  `description` varchar(50) NOT NULL,
  `sort_order` int(2) NOT NULL,
  PRIMARY KEY (`id`)
) ENGINE=InnoDB  DEFAULT CHARSET=utf8 AUTO_INCREMENT=5 ;

--
-- Dumping data for table `cpd_type`
--

INSERT INTO `cpd_type` (`id`, `description`, `sort_order`) VALUES
(1, 'Supported Experiment', 1),
(2, 'Coaching', 2),
(3, 'Peer Observation', 3),
(4, 'Other CPD type', 99);

-- --------------------------------------------------------

--
-- Table structure for table `employee`
--

DROP TABLE IF EXISTS `employee`;
CREATE TABLE IF NOT EXISTS `employee` (
  `id` int(11) NOT NULL AUTO_INCREMENT,
  `display_name` varchar(50) NOT NULL,
  `moodle_user_id` int(11) NOT NULL,
  `mycpd_access_group` varchar(50) NOT NULL,
  PRIMARY KEY (`id`)
) ENGINE=InnoDB  DEFAULT CHARSET=utf8 AUTO_INCREMENT=3 ;

--
-- Dumping data for table `employee`
--

INSERT INTO `employee` (`id`, `display_name`, `moodle_user_id`, `mycpd_access_group`) VALUES
(1, 'Treesa Green', 99, 'test'),
(2, 'Nathan Friend', 2528, 'test');

-- --------------------------------------------------------

--
-- Table structure for table `faculty`
--

DROP TABLE IF EXISTS `faculty`;
CREATE TABLE IF NOT EXISTS `faculty` (
  `id` int(11) NOT NULL AUTO_INCREMENT,
  `description` varchar(100) NOT NULL,
  PRIMARY KEY (`id`)
) ENGINE=InnoDB  DEFAULT CHARSET=utf8 COMMENT='College organisational structure' AUTO_INCREMENT=23 ;

--
-- Dumping data for table `faculty`
--

INSERT INTO `faculty` (`id`, `description`) VALUES
(1, 'Business Services'),
(2, 'Faculty of Higher Education'),
(3, 'Faculty of Science & Humanities'),
(4, 'Student Services'),
(5, 'HE/Access Arts, Health & Education'),
(6, 'HE/Access Business & Technology'),
(7, 'Estates'),
(8, 'Principal'),
(9, 'Additional Learning Support '),
(10, 'Additional Learning Support - Swale'),
(11, 'Assistant Principal Teaching & Learning'),
(12, 'Faculty of Creative Arts'),
(13, 'Faculty of Engineering & Construction'),
(14, 'Faculty of Retail & Commercial '),
(15, 'Swale Campus'),
(16, 'Finance & Corporate Services'),
(17, 'Faculty of Health, Uniformed Public Services, Early Childhood Education & Supported Learning'),
(22, 'All');

-- --------------------------------------------------------

--
-- Table structure for table `manager`
--

DROP TABLE IF EXISTS `manager`;
CREATE TABLE IF NOT EXISTS `manager` (
  `moodle_user_id` bigint(10) NOT NULL,
  `description` varchar(100) NOT NULL,
  PRIMARY KEY (`moodle_user_id`)
) ENGINE=InnoDB DEFAULT CHARSET=utf8;

--
-- Dumping data for table `manager`
--

INSERT INTO `manager` (`moodle_user_id`, `description`) VALUES
(0, ''),
(2528, ''),
(9886, '');

-- --------------------------------------------------------

--
-- Table structure for table `manager_group`
--

DROP TABLE IF EXISTS `manager_group`;
CREATE TABLE IF NOT EXISTS `manager_group` (
  `id` int(11) NOT NULL AUTO_INCREMENT,
  `manager` bigint(10) NOT NULL COMMENT 'also moodle user id',
  `section` int(11) NOT NULL,
  `description` varchar(100) NOT NULL,
  PRIMARY KEY (`id`),
  KEY `manager` (`manager`),
  KEY `section` (`section`),
  KEY `id` (`id`)
) ENGINE=InnoDB  DEFAULT CHARSET=utf8 AUTO_INCREMENT=13 ;

--
-- Dumping data for table `manager_group`
--

INSERT INTO `manager_group` (`id`, `manager`, `section`, `description`) VALUES
(8, 2528, 56, ''),
(10, 2528, 4, ''),
(11, 9886, 64, 'All staff group'),
(12, 2528, 64, '');

-- --------------------------------------------------------

--
-- Table structure for table `manager_group_detail`
--

DROP TABLE IF EXISTS `manager_group_detail`;
CREATE TABLE IF NOT EXISTS `manager_group_detail` (
  `id` int(11) NOT NULL AUTO_INCREMENT,
  `manager_group` int(11) NOT NULL,
  `moodle_user_id` bigint(10) NOT NULL,
  PRIMARY KEY (`id`),
  UNIQUE KEY `manager_group` (`manager_group`,`moodle_user_id`)
) ENGINE=InnoDB  DEFAULT CHARSET=utf8 AUTO_INCREMENT=2711 ;

--
-- Dumping data for table `manager_group_detail`
--

INSERT INTO `manager_group_detail` (`id`, `manager_group`, `moodle_user_id`) VALUES
(3, 1, 2887),
(4, 1, 10225),
(2, 4, 1746),
(1, 4, 2181),
(6, 7, 2528),
(5, 7, 5475),
(11, 8, 219),
(10, 8, 1958),
(7, 8, 2528),
(14, 8, 2762),
(15, 8, 2909),
(12, 8, 3970),
(21, 8, 4856),
(9, 8, 5183),
(17, 8, 5357),
(13, 8, 5393),
(8, 8, 10208),
(16, 8, 11827),
(19, 10, 43),
(919, 11, 7),
(920, 11, 10),
(921, 11, 14),
(922, 11, 15),
(923, 11, 17),
(924, 11, 18),
(925, 11, 19),
(926, 11, 24),
(927, 11, 25),
(928, 11, 26),
(929, 11, 28),
(930, 11, 29),
(931, 11, 30),
(932, 11, 31),
(933, 11, 33),
(934, 11, 34),
(935, 11, 36),
(936, 11, 37),
(937, 11, 38),
(938, 11, 41),
(939, 11, 43),
(940, 11, 44),
(941, 11, 46),
(942, 11, 47),
(943, 11, 48),
(944, 11, 50),
(945, 11, 51),
(946, 11, 53),
(947, 11, 55),
(948, 11, 57),
(949, 11, 58),
(950, 11, 60),
(951, 11, 61),
(952, 11, 64),
(953, 11, 65),
(954, 11, 66),
(955, 11, 67),
(956, 11, 72),
(957, 11, 73),
(958, 11, 75),
(959, 11, 76),
(960, 11, 77),
(961, 11, 78),
(962, 11, 79),
(963, 11, 80),
(964, 11, 85),
(965, 11, 86),
(966, 11, 87),
(967, 11, 90),
(968, 11, 91),
(969, 11, 93),
(970, 11, 94),
(971, 11, 99),
(972, 11, 103),
(973, 11, 104),
(974, 11, 108),
(975, 11, 112),
(976, 11, 115),
(977, 11, 120),
(978, 11, 121),
(979, 11, 123),
(980, 11, 127),
(981, 11, 131),
(982, 11, 134),
(983, 11, 138),
(984, 11, 139),
(985, 11, 140),
(986, 11, 142),
(987, 11, 143),
(988, 11, 146),
(989, 11, 149),
(990, 11, 152),
(991, 11, 154),
(992, 11, 160),
(993, 11, 162),
(994, 11, 166),
(995, 11, 168),
(996, 11, 173),
(997, 11, 174),
(998, 11, 175),
(999, 11, 178),
(1000, 11, 183),
(1001, 11, 190),
(1002, 11, 196),
(1003, 11, 206),
(1004, 11, 209),
(1005, 11, 213),
(1006, 11, 214),
(1007, 11, 215),
(1008, 11, 216),
(1009, 11, 217),
(1010, 11, 218),
(1011, 11, 219),
(1012, 11, 223),
(1013, 11, 224),
(1014, 11, 226),
(1015, 11, 227),
(1016, 11, 229),
(1017, 11, 232),
(1018, 11, 233),
(1019, 11, 234),
(1020, 11, 236),
(1021, 11, 239),
(1022, 11, 250),
(1023, 11, 258),
(1024, 11, 267),
(1025, 11, 280),
(1026, 11, 281),
(1027, 11, 282),
(1028, 11, 287),
(1029, 11, 448),
(1030, 11, 459),
(1031, 11, 467),
(1032, 11, 492),
(1033, 11, 497),
(1034, 11, 498),
(1035, 11, 509),
(1036, 11, 525),
(1037, 11, 617),
(1038, 11, 619),
(1039, 11, 620),
(1040, 11, 621),
(1041, 11, 660),
(1042, 11, 682),
(1043, 11, 781),
(1044, 11, 783),
(1045, 11, 827),
(1046, 11, 887),
(1047, 11, 908),
(1048, 11, 931),
(1049, 11, 985),
(1050, 11, 1008),
(1051, 11, 1034),
(1052, 11, 1039),
(1053, 11, 1067),
(1054, 11, 1074),
(1055, 11, 1114),
(1056, 11, 1134),
(1057, 11, 1154),
(1058, 11, 1156),
(1059, 11, 1173),
(1060, 11, 1175),
(1061, 11, 1182),
(1062, 11, 1186),
(1063, 11, 1210),
(1064, 11, 1216),
(1065, 11, 1217),
(1066, 11, 1249),
(1067, 11, 1251),
(1068, 11, 1259),
(1069, 11, 1285),
(1070, 11, 1290),
(1071, 11, 1291),
(1072, 11, 1314),
(1073, 11, 1362),
(1074, 11, 1367),
(1075, 11, 1368),
(1076, 11, 1370),
(1077, 11, 1383),
(1078, 11, 1387),
(1079, 11, 1388),
(1080, 11, 1404),
(1081, 11, 1431),
(1082, 11, 1455),
(1083, 11, 1461),
(1084, 11, 1471),
(1085, 11, 1472),
(1086, 11, 1499),
(1087, 11, 1525),
(1088, 11, 1544),
(1089, 11, 1555),
(1090, 11, 1556),
(1091, 11, 1558),
(1092, 11, 1565),
(1093, 11, 1593),
(1094, 11, 1596),
(1095, 11, 1601),
(1096, 11, 1606),
(1097, 11, 1615),
(1098, 11, 1657),
(1099, 11, 1663),
(1100, 11, 1675),
(1101, 11, 1727),
(1102, 11, 1730),
(1103, 11, 1767),
(1104, 11, 1772),
(1105, 11, 1773),
(1106, 11, 1781),
(1107, 11, 1817),
(1108, 11, 1835),
(1109, 11, 1851),
(1110, 11, 1855),
(1111, 11, 1904),
(1112, 11, 1906),
(1113, 11, 1909),
(1114, 11, 1910),
(1115, 11, 1913),
(1116, 11, 1916),
(1117, 11, 1917),
(1118, 11, 1922),
(1119, 11, 1923),
(1120, 11, 1924),
(1121, 11, 1926),
(1122, 11, 1930),
(1123, 11, 1931),
(1124, 11, 1934),
(1125, 11, 1938),
(1126, 11, 1942),
(1127, 11, 1956),
(1128, 11, 1958),
(1129, 11, 2002),
(1130, 11, 2051),
(1131, 11, 2056),
(1132, 11, 2099),
(1133, 11, 2100),
(1134, 11, 2109),
(1135, 11, 2118),
(1136, 11, 2124),
(1137, 11, 2139),
(1138, 11, 2180),
(1139, 11, 2181),
(1140, 11, 2184),
(1141, 11, 2216),
(1142, 11, 2232),
(1143, 11, 2242),
(1144, 11, 2258),
(1145, 11, 2261),
(1146, 11, 2262),
(1147, 11, 2265),
(1148, 11, 2270),
(1149, 11, 2272),
(1150, 11, 2306),
(1151, 11, 2309),
(1152, 11, 2310),
(1153, 11, 2347),
(1154, 11, 2369),
(1155, 11, 2393),
(1156, 11, 2401),
(1157, 11, 2402),
(1158, 11, 2403),
(1159, 11, 2408),
(1160, 11, 2414),
(1161, 11, 2417),
(1162, 11, 2428),
(1163, 11, 2470),
(1164, 11, 2471),
(1165, 11, 2472),
(1166, 11, 2497),
(1167, 11, 2498),
(1168, 11, 2504),
(1169, 11, 2511),
(1170, 11, 2520),
(22, 11, 2528),
(1172, 11, 2535),
(1173, 11, 2542),
(1174, 11, 2552),
(1175, 11, 2560),
(1176, 11, 2561),
(1177, 11, 2574),
(1178, 11, 2580),
(1179, 11, 2581),
(1180, 11, 2582),
(1181, 11, 2583),
(1182, 11, 2584),
(1183, 11, 2587),
(1184, 11, 2588),
(1185, 11, 2591),
(1186, 11, 2593),
(1187, 11, 2595),
(1188, 11, 2597),
(1189, 11, 2608),
(1190, 11, 2615),
(1191, 11, 2625),
(1192, 11, 2652),
(1193, 11, 2657),
(1194, 11, 2667),
(1195, 11, 2671),
(1196, 11, 2696),
(1197, 11, 2697),
(1198, 11, 2711),
(1199, 11, 2741),
(1200, 11, 2743),
(1201, 11, 2762),
(1202, 11, 2763),
(1203, 11, 2776),
(1204, 11, 2777),
(1205, 11, 2782),
(1206, 11, 2784),
(1207, 11, 2786),
(1208, 11, 2809),
(1209, 11, 2823),
(1210, 11, 2828),
(1211, 11, 2831),
(1212, 11, 2841),
(1213, 11, 2846),
(1214, 11, 2856),
(1215, 11, 2866),
(1216, 11, 2877),
(1217, 11, 2887),
(1218, 11, 2894),
(1219, 11, 2900),
(1220, 11, 2904),
(1221, 11, 2906),
(1222, 11, 2909),
(1223, 11, 3100),
(1224, 11, 3168),
(1225, 11, 3170),
(1226, 11, 3174),
(1227, 11, 3248),
(1228, 11, 3371),
(1229, 11, 3406),
(1230, 11, 3422),
(1231, 11, 3479),
(1232, 11, 3489),
(1233, 11, 3497),
(1234, 11, 3502),
(1235, 11, 3569),
(1236, 11, 3636),
(1237, 11, 3639),
(1238, 11, 3697),
(1239, 11, 3699),
(1240, 11, 3744),
(1241, 11, 3770),
(1242, 11, 3782),
(1243, 11, 3906),
(1244, 11, 3909),
(1245, 11, 3941),
(1246, 11, 3970),
(1247, 11, 3974),
(1248, 11, 3976),
(1249, 11, 4013),
(1250, 11, 4061),
(1251, 11, 4062),
(1252, 11, 4069),
(1253, 11, 4150),
(1254, 11, 4226),
(1255, 11, 4228),
(1256, 11, 4321),
(1257, 11, 4387),
(1258, 11, 4388),
(1259, 11, 4419),
(1260, 11, 4455),
(1261, 11, 4553),
(1262, 11, 4564),
(1263, 11, 4593),
(1264, 11, 4649),
(1265, 11, 4700),
(1266, 11, 4712),
(1267, 11, 4730),
(1268, 11, 4739),
(1269, 11, 4752),
(1270, 11, 4757),
(1271, 11, 4765),
(1272, 11, 4769),
(1273, 11, 4770),
(1274, 11, 4799),
(1275, 11, 4802),
(1276, 11, 4810),
(1277, 11, 4811),
(1278, 11, 4812),
(1279, 11, 4813),
(1280, 11, 4829),
(1281, 11, 4831),
(1282, 11, 4833),
(1283, 11, 4837),
(1284, 11, 4843),
(1285, 11, 4844),
(1286, 11, 4849),
(1287, 11, 4851),
(1288, 11, 4855),
(1289, 11, 4856),
(1290, 11, 4863),
(1291, 11, 4865),
(1292, 11, 4869),
(1293, 11, 4876),
(1294, 11, 4880),
(1295, 11, 4885),
(1296, 11, 4887),
(1297, 11, 4894),
(1298, 11, 4899),
(1299, 11, 4900),
(1300, 11, 4911),
(1301, 11, 4912),
(1302, 11, 4913),
(1303, 11, 4915),
(1304, 11, 4918),
(1305, 11, 4925),
(1306, 11, 4931),
(1307, 11, 4935),
(1308, 11, 4939),
(1309, 11, 4940),
(1310, 11, 4970),
(1311, 11, 4976),
(1312, 11, 4977),
(1313, 11, 4978),
(1314, 11, 4985),
(1315, 11, 4986),
(1316, 11, 5005),
(1317, 11, 5045),
(1318, 11, 5050),
(1319, 11, 5054),
(1320, 11, 5060),
(1321, 11, 5065),
(1322, 11, 5070),
(1323, 11, 5071),
(1324, 11, 5073),
(1325, 11, 5075),
(1326, 11, 5076),
(1327, 11, 5077),
(1328, 11, 5078),
(1329, 11, 5079),
(1330, 11, 5081),
(1331, 11, 5082),
(1332, 11, 5083),
(1333, 11, 5084),
(1334, 11, 5088),
(1335, 11, 5090),
(1336, 11, 5095),
(1337, 11, 5096),
(1338, 11, 5097),
(1339, 11, 5111),
(1340, 11, 5112),
(1341, 11, 5117),
(1342, 11, 5120),
(1343, 11, 5134),
(1344, 11, 5138),
(1345, 11, 5140),
(1346, 11, 5143),
(1347, 11, 5147),
(1348, 11, 5148),
(1349, 11, 5149),
(1350, 11, 5150),
(1351, 11, 5153),
(1352, 11, 5162),
(1353, 11, 5166),
(1354, 11, 5168),
(1355, 11, 5170),
(1356, 11, 5183),
(1357, 11, 5188),
(1358, 11, 5208),
(1359, 11, 5213),
(1360, 11, 5215),
(1361, 11, 5218),
(1362, 11, 5219),
(1363, 11, 5234),
(1364, 11, 5236),
(1365, 11, 5237),
(1366, 11, 5238),
(1367, 11, 5239),
(1368, 11, 5241),
(1369, 11, 5243),
(1370, 11, 5268),
(1371, 11, 5277),
(1372, 11, 5280),
(1373, 11, 5283),
(1374, 11, 5287),
(1375, 11, 5289),
(1376, 11, 5290),
(1377, 11, 5291),
(1378, 11, 5293),
(1379, 11, 5300),
(1380, 11, 5325),
(1381, 11, 5330),
(1382, 11, 5337),
(1383, 11, 5338),
(1384, 11, 5339),
(1385, 11, 5340),
(1386, 11, 5341),
(1387, 11, 5343),
(1388, 11, 5344),
(1389, 11, 5347),
(1390, 11, 5350),
(1391, 11, 5352),
(1392, 11, 5355),
(1393, 11, 5356),
(1394, 11, 5357),
(1395, 11, 5359),
(1396, 11, 5362),
(1397, 11, 5365),
(1398, 11, 5370),
(1399, 11, 5378),
(1400, 11, 5387),
(1401, 11, 5389),
(1402, 11, 5392),
(1403, 11, 5393),
(1404, 11, 5394),
(1405, 11, 5395),
(1406, 11, 5397),
(1407, 11, 5403),
(1408, 11, 5404),
(1409, 11, 5410),
(1410, 11, 5411),
(1411, 11, 5412),
(1412, 11, 5424),
(1413, 11, 5425),
(1414, 11, 5427),
(1415, 11, 5430),
(1416, 11, 5431),
(1417, 11, 5432),
(1418, 11, 5433),
(1419, 11, 5434),
(1420, 11, 5435),
(1421, 11, 5436),
(1422, 11, 5437),
(1423, 11, 5439),
(1424, 11, 5442),
(1425, 11, 5445),
(1426, 11, 5449),
(1427, 11, 5453),
(1428, 11, 5455),
(1429, 11, 5456),
(1430, 11, 5460),
(1431, 11, 5462),
(1432, 11, 5466),
(1433, 11, 5468),
(1434, 11, 5470),
(1435, 11, 5471),
(1436, 11, 5472),
(1437, 11, 5474),
(1438, 11, 5478),
(1439, 11, 5479),
(1440, 11, 5480),
(1441, 11, 5481),
(1442, 11, 5483),
(1443, 11, 5484),
(1444, 11, 5490),
(1445, 11, 5494),
(1446, 11, 5495),
(1447, 11, 5868),
(1448, 11, 5973),
(1449, 11, 6021),
(1450, 11, 6083),
(1451, 11, 6241),
(1452, 11, 6242),
(1453, 11, 6417),
(1454, 11, 6461),
(1455, 11, 6657),
(1456, 11, 6661),
(1457, 11, 6668),
(1458, 11, 6737),
(1459, 11, 6797),
(1460, 11, 6799),
(1461, 11, 6821),
(1462, 11, 6829),
(1463, 11, 6879),
(1464, 11, 6880),
(1465, 11, 6891),
(1466, 11, 6892),
(1467, 11, 6895),
(1468, 11, 6905),
(1469, 11, 6942),
(1470, 11, 6959),
(1471, 11, 6963),
(1472, 11, 7049),
(1473, 11, 7053),
(1474, 11, 7054),
(1475, 11, 7111),
(1476, 11, 7143),
(1477, 11, 7163),
(1478, 11, 7220),
(1479, 11, 7263),
(1480, 11, 7301),
(1481, 11, 7350),
(1482, 11, 7385),
(1483, 11, 7441),
(1484, 11, 7443),
(1485, 11, 7507),
(1486, 11, 7602),
(1487, 11, 7608),
(1488, 11, 7611),
(1489, 11, 7625),
(1490, 11, 7632),
(1491, 11, 7648),
(1492, 11, 7670),
(1493, 11, 7674),
(1494, 11, 7692),
(1495, 11, 7732),
(1496, 11, 7741),
(1497, 11, 7784),
(1498, 11, 7785),
(1499, 11, 7801),
(1500, 11, 7813),
(1501, 11, 7816),
(1502, 11, 7820),
(1503, 11, 7848),
(1504, 11, 7854),
(1505, 11, 7868),
(1506, 11, 7872),
(1507, 11, 7892),
(1508, 11, 7916),
(1509, 11, 7922),
(1510, 11, 7925),
(1511, 11, 7926),
(1512, 11, 7927),
(1513, 11, 7928),
(1514, 11, 7930),
(1515, 11, 7932),
(1516, 11, 7933),
(1517, 11, 7935),
(1518, 11, 7937),
(1519, 11, 7938),
(1520, 11, 7946),
(1521, 11, 7980),
(1522, 11, 8005),
(1523, 11, 8019),
(1524, 11, 8027),
(1525, 11, 8035),
(1526, 11, 8036),
(1527, 11, 8040),
(1528, 11, 8077),
(1529, 11, 8078),
(1530, 11, 8081),
(1531, 11, 8084),
(1532, 11, 8089),
(1533, 11, 8204),
(1534, 11, 8297),
(1535, 11, 8314),
(1536, 11, 8316),
(1537, 11, 8325),
(1538, 11, 8331),
(1539, 11, 8338),
(1540, 11, 8350),
(1541, 11, 8440),
(1542, 11, 8841),
(1543, 11, 8861),
(1544, 11, 8911),
(1545, 11, 8922),
(1546, 11, 9022),
(1547, 11, 9131),
(1548, 11, 9174),
(1549, 11, 9342),
(1550, 11, 9436),
(1551, 11, 9439),
(1552, 11, 9440),
(1553, 11, 9447),
(1554, 11, 9494),
(1555, 11, 9540),
(1556, 11, 9544),
(1557, 11, 9547),
(1558, 11, 9549),
(1559, 11, 9564),
(1560, 11, 9568),
(1561, 11, 9619),
(1562, 11, 9728),
(1563, 11, 9735),
(1564, 11, 9786),
(1565, 11, 9846),
(1566, 11, 9886),
(1567, 11, 9911),
(1568, 11, 9926),
(1569, 11, 9929),
(1570, 11, 9952),
(1571, 11, 9979),
(1572, 11, 9984),
(1573, 11, 9985),
(1574, 11, 9990),
(1575, 11, 9996),
(1576, 11, 9999),
(1577, 11, 10000),
(1578, 11, 10001),
(1579, 11, 10003),
(1580, 11, 10011),
(1581, 11, 10040),
(1582, 11, 10071),
(1583, 11, 10149),
(1584, 11, 10152),
(1585, 11, 10180),
(1586, 11, 10181),
(1587, 11, 10198),
(1588, 11, 10199),
(1589, 11, 10201),
(1590, 11, 10202),
(1591, 11, 10204),
(1592, 11, 10205),
(1593, 11, 10208),
(1594, 11, 10218),
(1595, 11, 10224),
(1596, 11, 10225),
(1597, 11, 10239),
(1598, 11, 10263),
(1599, 11, 10267),
(1600, 11, 10275),
(1601, 11, 10305),
(1602, 11, 10306),
(1603, 11, 10312),
(1604, 11, 10330),
(1605, 11, 10341),
(1606, 11, 10349),
(1607, 11, 10361),
(1608, 11, 10374),
(1609, 11, 10448),
(1610, 11, 10449),
(1611, 11, 10458),
(1612, 11, 10460),
(1613, 11, 10479),
(1614, 11, 10493),
(1615, 11, 10524),
(1616, 11, 10525),
(1617, 11, 10528),
(1618, 11, 10548),
(1619, 11, 10552),
(1620, 11, 10553),
(1621, 11, 10554),
(1622, 11, 10555),
(1623, 11, 10556),
(1624, 11, 10557),
(1625, 11, 10558),
(1626, 11, 10559),
(1627, 11, 10560),
(1628, 11, 10561),
(1629, 11, 10562),
(1630, 11, 10566),
(1631, 11, 10571),
(1632, 11, 10574),
(1633, 11, 10575),
(1634, 11, 10577),
(1635, 11, 10587),
(1636, 11, 10588),
(1637, 11, 10589),
(1638, 11, 10590),
(1639, 11, 10591),
(1640, 11, 10599),
(1641, 11, 10602),
(1642, 11, 10604),
(1643, 11, 10605),
(1644, 11, 10606),
(1645, 11, 10607),
(1646, 11, 10608),
(1647, 11, 10667),
(1648, 11, 10735),
(1649, 11, 10991),
(1650, 11, 11271),
(1651, 11, 11275),
(1652, 11, 11459),
(1653, 11, 11466),
(1654, 11, 11565),
(1655, 11, 11622),
(1656, 11, 11654),
(1657, 11, 11689),
(1658, 11, 11692),
(1659, 11, 11729),
(1660, 11, 11780),
(1661, 11, 11827),
(1662, 11, 11854),
(1663, 11, 11883),
(1664, 11, 11907),
(1665, 11, 11944),
(1666, 11, 11964),
(1667, 11, 11996),
(1668, 11, 12139),
(1669, 11, 12189),
(1670, 11, 12200),
(1671, 11, 12275),
(1672, 11, 12287),
(1673, 11, 12312),
(1674, 11, 12334),
(1675, 11, 12336),
(1676, 11, 12358),
(1677, 11, 12359),
(1678, 11, 12407),
(1679, 11, 12451),
(1680, 11, 12459),
(1681, 11, 12463),
(1682, 11, 12464),
(1683, 11, 12543),
(1684, 11, 12549),
(1685, 11, 12587),
(1686, 11, 12600),
(1687, 11, 12610),
(1688, 11, 12626),
(1689, 11, 12646),
(1690, 11, 12647),
(1691, 11, 12669),
(1692, 11, 12693),
(1693, 11, 12750),
(1694, 11, 12785),
(1695, 11, 12809),
(1696, 11, 12814),
(1697, 11, 12821),
(1698, 11, 12859),
(1699, 11, 12870),
(1700, 11, 12874),
(1701, 11, 12877),
(1702, 11, 12884),
(1703, 11, 12891),
(1704, 11, 12932),
(1705, 11, 12938),
(1706, 11, 12939),
(1707, 11, 12940),
(1708, 11, 12957),
(1709, 11, 12959),
(1710, 11, 12960),
(1711, 11, 12962),
(1712, 11, 12965),
(1713, 11, 12998),
(1714, 11, 13042),
(1715, 11, 13043),
(1716, 11, 13071),
(1717, 11, 13076),
(1718, 11, 13103),
(1719, 11, 13107),
(1720, 11, 13132),
(1721, 11, 13144),
(1722, 11, 13172),
(1723, 11, 13182),
(1724, 11, 13207),
(1725, 11, 13211),
(1726, 11, 13252),
(1727, 11, 13254),
(1728, 11, 13275),
(1729, 11, 13278),
(1730, 11, 13321),
(1731, 11, 13380),
(1732, 11, 13408),
(1733, 11, 13460),
(1734, 11, 13502),
(1735, 11, 13507),
(1736, 11, 13509),
(1737, 11, 13518),
(1738, 11, 13527),
(1739, 11, 13549),
(1740, 11, 13613),
(1741, 11, 13631),
(1742, 11, 13704),
(1743, 11, 13708),
(1744, 11, 13709),
(1745, 11, 13716),
(1746, 11, 13717),
(1747, 11, 13718),
(1748, 11, 13731),
(1749, 11, 13752),
(1750, 11, 13795),
(1751, 11, 13807),
(1752, 11, 13825),
(1753, 11, 13839),
(1754, 11, 13842),
(1755, 11, 13844),
(1756, 11, 13860),
(1757, 11, 13864),
(1758, 11, 13868),
(1759, 11, 13871),
(1760, 11, 13875),
(1761, 11, 13887),
(1762, 11, 13889),
(1763, 11, 13893),
(1764, 11, 13894),
(1765, 11, 13900),
(1766, 11, 13902),
(1767, 11, 13903),
(1768, 11, 13951),
(1769, 11, 13952),
(1770, 11, 13953),
(1771, 11, 13954),
(1772, 11, 13955),
(1773, 11, 13956),
(1774, 11, 13957),
(1775, 11, 13958),
(1776, 11, 13959),
(1777, 11, 13960),
(1778, 11, 13961),
(1779, 11, 13962),
(1780, 11, 13963),
(1781, 11, 13964),
(1782, 11, 13965),
(1783, 11, 13966),
(1784, 11, 13967),
(1785, 11, 13968),
(1786, 11, 13969),
(1787, 11, 13970),
(1788, 11, 13971),
(1789, 11, 13972),
(1790, 11, 13973),
(1791, 11, 13974),
(1792, 11, 13975),
(1793, 11, 13976),
(1794, 11, 13977),
(1795, 11, 13978),
(1796, 11, 13979),
(1797, 11, 13980),
(1798, 11, 13981),
(1799, 11, 13982),
(1800, 11, 13983),
(1801, 11, 13984),
(1802, 11, 13985),
(1803, 11, 13986),
(1804, 11, 13987),
(1805, 11, 13988),
(1806, 11, 13989),
(1807, 11, 13990),
(1808, 11, 13991),
(1809, 11, 13992),
(1810, 11, 13993),
(1811, 11, 13994),
(1812, 11, 13995),
(1813, 11, 13996),
(1814, 11, 13997),
(1815, 12, 7),
(1816, 12, 10),
(1817, 12, 14),
(1818, 12, 15),
(1819, 12, 17),
(1820, 12, 18),
(1821, 12, 19),
(1822, 12, 24),
(1823, 12, 25),
(1824, 12, 26),
(1825, 12, 28),
(1826, 12, 29),
(1827, 12, 30),
(1828, 12, 31),
(1829, 12, 33),
(1830, 12, 34),
(1831, 12, 36),
(1832, 12, 37),
(1833, 12, 38),
(1834, 12, 41),
(1835, 12, 43),
(1836, 12, 44),
(1837, 12, 46),
(1838, 12, 47),
(1839, 12, 48),
(1840, 12, 50),
(1841, 12, 51),
(1842, 12, 53),
(1843, 12, 55),
(1844, 12, 57),
(1845, 12, 58),
(1846, 12, 60),
(1847, 12, 61),
(1848, 12, 64),
(1849, 12, 65),
(1850, 12, 66),
(1851, 12, 67),
(1852, 12, 72),
(1853, 12, 73),
(1854, 12, 75),
(1855, 12, 76),
(1856, 12, 77),
(1857, 12, 78),
(1858, 12, 79),
(1859, 12, 80),
(1860, 12, 85),
(1861, 12, 86),
(1862, 12, 87),
(1863, 12, 90),
(1864, 12, 91),
(1865, 12, 93),
(1866, 12, 94),
(1867, 12, 99),
(1868, 12, 103),
(1869, 12, 104),
(1870, 12, 108),
(1871, 12, 112),
(1872, 12, 115),
(1873, 12, 120),
(1874, 12, 121),
(1875, 12, 123),
(1876, 12, 127),
(1877, 12, 131),
(1878, 12, 134),
(1879, 12, 138),
(1880, 12, 139),
(1881, 12, 140),
(1882, 12, 142),
(1883, 12, 143),
(1884, 12, 146),
(1885, 12, 149),
(1886, 12, 152),
(1887, 12, 154),
(1888, 12, 160),
(1889, 12, 162),
(1890, 12, 166),
(1891, 12, 168),
(1892, 12, 173),
(1893, 12, 174),
(1894, 12, 175),
(1895, 12, 178),
(1896, 12, 183),
(1897, 12, 190),
(1898, 12, 196),
(1899, 12, 206),
(1900, 12, 209),
(1901, 12, 213),
(1902, 12, 214),
(1903, 12, 215),
(1904, 12, 216),
(1905, 12, 217),
(1906, 12, 218),
(1907, 12, 219),
(1908, 12, 223),
(1909, 12, 224),
(1910, 12, 226),
(1911, 12, 227),
(1912, 12, 229),
(1913, 12, 232),
(1914, 12, 233),
(1915, 12, 234),
(1916, 12, 236),
(1917, 12, 239),
(1918, 12, 250),
(1919, 12, 258),
(1920, 12, 267),
(1921, 12, 280),
(1922, 12, 281),
(1923, 12, 282),
(1924, 12, 287),
(1925, 12, 448),
(1926, 12, 459),
(1927, 12, 467),
(1928, 12, 492),
(1929, 12, 497),
(1930, 12, 498),
(1931, 12, 509),
(1932, 12, 525),
(1933, 12, 617),
(1934, 12, 619),
(1935, 12, 620),
(1936, 12, 621),
(1937, 12, 660),
(1938, 12, 682),
(1939, 12, 781),
(1940, 12, 783),
(1941, 12, 827),
(1942, 12, 887),
(1943, 12, 908),
(1944, 12, 931),
(1945, 12, 985),
(1946, 12, 1008),
(1947, 12, 1034),
(1948, 12, 1039),
(1949, 12, 1067),
(1950, 12, 1074),
(1951, 12, 1114),
(1952, 12, 1134),
(1953, 12, 1154),
(1954, 12, 1156),
(1955, 12, 1173),
(1956, 12, 1175),
(1957, 12, 1182),
(1958, 12, 1186),
(1959, 12, 1210),
(1960, 12, 1216),
(1961, 12, 1217),
(1962, 12, 1249),
(1963, 12, 1251),
(1964, 12, 1259),
(1965, 12, 1285),
(1966, 12, 1290),
(1967, 12, 1291),
(1968, 12, 1314),
(1969, 12, 1362),
(1970, 12, 1367),
(1971, 12, 1368),
(1972, 12, 1370),
(1973, 12, 1383),
(1974, 12, 1387),
(1975, 12, 1388),
(1976, 12, 1404),
(1977, 12, 1431),
(1978, 12, 1455),
(1979, 12, 1461),
(1980, 12, 1471),
(1981, 12, 1472),
(1982, 12, 1499),
(1983, 12, 1525),
(1984, 12, 1544),
(1985, 12, 1555),
(1986, 12, 1556),
(1987, 12, 1558),
(1988, 12, 1565),
(1989, 12, 1593),
(1990, 12, 1596),
(1991, 12, 1601),
(1992, 12, 1606),
(1993, 12, 1615),
(1994, 12, 1657),
(1995, 12, 1663),
(1996, 12, 1675),
(1997, 12, 1727),
(1998, 12, 1730),
(1999, 12, 1767),
(2000, 12, 1772),
(2001, 12, 1773),
(2002, 12, 1781),
(2003, 12, 1817),
(2004, 12, 1835),
(2005, 12, 1851),
(2006, 12, 1855),
(2007, 12, 1904),
(2008, 12, 1906),
(2009, 12, 1909),
(2010, 12, 1910),
(2011, 12, 1913),
(2012, 12, 1916),
(2013, 12, 1917),
(2014, 12, 1922),
(2015, 12, 1923),
(2016, 12, 1924),
(2017, 12, 1926),
(2018, 12, 1930),
(2019, 12, 1931),
(2020, 12, 1934),
(2021, 12, 1938),
(2022, 12, 1942),
(2023, 12, 1956),
(2024, 12, 1958),
(2025, 12, 2002),
(2026, 12, 2051),
(2027, 12, 2056),
(2028, 12, 2099),
(2029, 12, 2100),
(2030, 12, 2109),
(2031, 12, 2118),
(2032, 12, 2124),
(2033, 12, 2139),
(2034, 12, 2180),
(2035, 12, 2181),
(2036, 12, 2184),
(2037, 12, 2216),
(2038, 12, 2232),
(2039, 12, 2242),
(2040, 12, 2258),
(2041, 12, 2261),
(2042, 12, 2262),
(2043, 12, 2265),
(2044, 12, 2270),
(2045, 12, 2272),
(2046, 12, 2306),
(2047, 12, 2309),
(2048, 12, 2310),
(2049, 12, 2347),
(2050, 12, 2369),
(2051, 12, 2393),
(2052, 12, 2401),
(2053, 12, 2402),
(2054, 12, 2403),
(2055, 12, 2408),
(2056, 12, 2414),
(2057, 12, 2417),
(2058, 12, 2428),
(2059, 12, 2470),
(2060, 12, 2471),
(2061, 12, 2472),
(2062, 12, 2497),
(2063, 12, 2498),
(2064, 12, 2504),
(2065, 12, 2511),
(2066, 12, 2520),
(2067, 12, 2528),
(2068, 12, 2535),
(2069, 12, 2542),
(2070, 12, 2552),
(2071, 12, 2560),
(2072, 12, 2561),
(2073, 12, 2574),
(2074, 12, 2580),
(2075, 12, 2581),
(2076, 12, 2582),
(2077, 12, 2583),
(2078, 12, 2584),
(2079, 12, 2587),
(2080, 12, 2588),
(2081, 12, 2591),
(2082, 12, 2593),
(2083, 12, 2595),
(2084, 12, 2597),
(2085, 12, 2608),
(2086, 12, 2615),
(2087, 12, 2625),
(2088, 12, 2652),
(2089, 12, 2657),
(2090, 12, 2667),
(2091, 12, 2671),
(2092, 12, 2696),
(2093, 12, 2697),
(2094, 12, 2711),
(2095, 12, 2741),
(2096, 12, 2743),
(2097, 12, 2762),
(2098, 12, 2763),
(2099, 12, 2776),
(2100, 12, 2777),
(2101, 12, 2782),
(2102, 12, 2784),
(2103, 12, 2786),
(2104, 12, 2809),
(2105, 12, 2823),
(2106, 12, 2828),
(2107, 12, 2831),
(2108, 12, 2841),
(2109, 12, 2846),
(2110, 12, 2856),
(2111, 12, 2866),
(2112, 12, 2877),
(2113, 12, 2887),
(2114, 12, 2894),
(2115, 12, 2900),
(2116, 12, 2904),
(2117, 12, 2906),
(2118, 12, 2909),
(2119, 12, 3100),
(2120, 12, 3168),
(2121, 12, 3170),
(2122, 12, 3174),
(2123, 12, 3248),
(2124, 12, 3371),
(2125, 12, 3406),
(2126, 12, 3422),
(2127, 12, 3479),
(2128, 12, 3489),
(2129, 12, 3497),
(2130, 12, 3502),
(2131, 12, 3569),
(2132, 12, 3636),
(2133, 12, 3639),
(2134, 12, 3697),
(2135, 12, 3699),
(2136, 12, 3744),
(2137, 12, 3770),
(2138, 12, 3782),
(2139, 12, 3906),
(2140, 12, 3909),
(2141, 12, 3941),
(2142, 12, 3970),
(2143, 12, 3974),
(2144, 12, 3976),
(2145, 12, 4013),
(2146, 12, 4061),
(2147, 12, 4062),
(2148, 12, 4069),
(2149, 12, 4150),
(2150, 12, 4226),
(2151, 12, 4228),
(2152, 12, 4321),
(2153, 12, 4387),
(2154, 12, 4388),
(2155, 12, 4419),
(2156, 12, 4455),
(2157, 12, 4553),
(2158, 12, 4564),
(2159, 12, 4593),
(2160, 12, 4649),
(2161, 12, 4700),
(2162, 12, 4712),
(2163, 12, 4730),
(2164, 12, 4739),
(2165, 12, 4752),
(2166, 12, 4757),
(2167, 12, 4765),
(2168, 12, 4769),
(2169, 12, 4770),
(2170, 12, 4799),
(2171, 12, 4802),
(2172, 12, 4810),
(2173, 12, 4811),
(2174, 12, 4812),
(2175, 12, 4813),
(2176, 12, 4829),
(2177, 12, 4831),
(2178, 12, 4833),
(2179, 12, 4837),
(2180, 12, 4843),
(2181, 12, 4844),
(2182, 12, 4849),
(2183, 12, 4851),
(2184, 12, 4855),
(2185, 12, 4856),
(2186, 12, 4863),
(2187, 12, 4865),
(2188, 12, 4869),
(2189, 12, 4876),
(2190, 12, 4880),
(2191, 12, 4885),
(2192, 12, 4887),
(2193, 12, 4894),
(2194, 12, 4899),
(2195, 12, 4900),
(2196, 12, 4911),
(2197, 12, 4912),
(2198, 12, 4913),
(2199, 12, 4915),
(2200, 12, 4918),
(2201, 12, 4925),
(2202, 12, 4931),
(2203, 12, 4935),
(2204, 12, 4939),
(2205, 12, 4940),
(2206, 12, 4970),
(2207, 12, 4976),
(2208, 12, 4977),
(2209, 12, 4978),
(2210, 12, 4985),
(2211, 12, 4986),
(2212, 12, 5005),
(2213, 12, 5045),
(2214, 12, 5050),
(2215, 12, 5054),
(2216, 12, 5060),
(2217, 12, 5065),
(2218, 12, 5070),
(2219, 12, 5071),
(2220, 12, 5073),
(2221, 12, 5075),
(2222, 12, 5076),
(2223, 12, 5077),
(2224, 12, 5078),
(2225, 12, 5079),
(2226, 12, 5081),
(2227, 12, 5082),
(2228, 12, 5083),
(2229, 12, 5084),
(2230, 12, 5088),
(2231, 12, 5090),
(2232, 12, 5095),
(2233, 12, 5096),
(2234, 12, 5097),
(2235, 12, 5111),
(2236, 12, 5112),
(2237, 12, 5117),
(2238, 12, 5120),
(2239, 12, 5134),
(2240, 12, 5138),
(2241, 12, 5140),
(2242, 12, 5143),
(2243, 12, 5147),
(2244, 12, 5148),
(2245, 12, 5149),
(2246, 12, 5150),
(2247, 12, 5153),
(2248, 12, 5162),
(2249, 12, 5166),
(2250, 12, 5168),
(2251, 12, 5170),
(2252, 12, 5183),
(2253, 12, 5188),
(2254, 12, 5208),
(2255, 12, 5213),
(2256, 12, 5215),
(2257, 12, 5218),
(2258, 12, 5219),
(2259, 12, 5234),
(2260, 12, 5236),
(2261, 12, 5237),
(2262, 12, 5238),
(2263, 12, 5239),
(2264, 12, 5241),
(2265, 12, 5243),
(2266, 12, 5268),
(2267, 12, 5277),
(2268, 12, 5280),
(2269, 12, 5283),
(2270, 12, 5287),
(2271, 12, 5289),
(2272, 12, 5290),
(2273, 12, 5291),
(2274, 12, 5293),
(2275, 12, 5300),
(2276, 12, 5325),
(2277, 12, 5330),
(2278, 12, 5337),
(2279, 12, 5338),
(2280, 12, 5339),
(2281, 12, 5340),
(2282, 12, 5341),
(2283, 12, 5343),
(2284, 12, 5344),
(2285, 12, 5347),
(2286, 12, 5350),
(2287, 12, 5352),
(2288, 12, 5355),
(2289, 12, 5356),
(2290, 12, 5357),
(2291, 12, 5359),
(2292, 12, 5362),
(2293, 12, 5365),
(2294, 12, 5370),
(2295, 12, 5378),
(2296, 12, 5387),
(2297, 12, 5389),
(2298, 12, 5392),
(2299, 12, 5393),
(2300, 12, 5394),
(2301, 12, 5395),
(2302, 12, 5397),
(2303, 12, 5403),
(2304, 12, 5404),
(2305, 12, 5410),
(2306, 12, 5411),
(2307, 12, 5412),
(2308, 12, 5424),
(2309, 12, 5425),
(2310, 12, 5427),
(2311, 12, 5430),
(2312, 12, 5431),
(2313, 12, 5432),
(2314, 12, 5433),
(2315, 12, 5434),
(2316, 12, 5435),
(2317, 12, 5436),
(2318, 12, 5437),
(2319, 12, 5439),
(2320, 12, 5442),
(2321, 12, 5445),
(2322, 12, 5449),
(2323, 12, 5453),
(2324, 12, 5455),
(2325, 12, 5456),
(2326, 12, 5460),
(2327, 12, 5462),
(2328, 12, 5466),
(2329, 12, 5468),
(2330, 12, 5470),
(2331, 12, 5471),
(2332, 12, 5472),
(2333, 12, 5474),
(2334, 12, 5478),
(2335, 12, 5479),
(2336, 12, 5480),
(2337, 12, 5481),
(2338, 12, 5483),
(2339, 12, 5484),
(2340, 12, 5490),
(2341, 12, 5494),
(2342, 12, 5495),
(2343, 12, 5868),
(2344, 12, 5973),
(2345, 12, 6021),
(2346, 12, 6083),
(2347, 12, 6241),
(2348, 12, 6242),
(2349, 12, 6417),
(2350, 12, 6461),
(2351, 12, 6657),
(2352, 12, 6661),
(2353, 12, 6668),
(2354, 12, 6737),
(2355, 12, 6797),
(2356, 12, 6799),
(2357, 12, 6821),
(2358, 12, 6829),
(2359, 12, 6879),
(2360, 12, 6880),
(2361, 12, 6891),
(2362, 12, 6892),
(2363, 12, 6895),
(2364, 12, 6905),
(2365, 12, 6942),
(2366, 12, 6959),
(2367, 12, 6963),
(2368, 12, 7049),
(2369, 12, 7053),
(2370, 12, 7054),
(2371, 12, 7111),
(2372, 12, 7143),
(2373, 12, 7163),
(2374, 12, 7220),
(2375, 12, 7263),
(2376, 12, 7301),
(2377, 12, 7350),
(2378, 12, 7385),
(2379, 12, 7441),
(2380, 12, 7443),
(2381, 12, 7507),
(2382, 12, 7602),
(2383, 12, 7608),
(2384, 12, 7611),
(2385, 12, 7625),
(2386, 12, 7632),
(2387, 12, 7648),
(2388, 12, 7670),
(2389, 12, 7674),
(2390, 12, 7692),
(2391, 12, 7732),
(2392, 12, 7741),
(2393, 12, 7784),
(2394, 12, 7785),
(2395, 12, 7801),
(2396, 12, 7813),
(2397, 12, 7816),
(2398, 12, 7820),
(2399, 12, 7848),
(2400, 12, 7854),
(2401, 12, 7868),
(2402, 12, 7872),
(2403, 12, 7892),
(2404, 12, 7916),
(2405, 12, 7922),
(2406, 12, 7925),
(2407, 12, 7926),
(2408, 12, 7927),
(2409, 12, 7928),
(2410, 12, 7930),
(2411, 12, 7932),
(2412, 12, 7933),
(2413, 12, 7935),
(2414, 12, 7937),
(2415, 12, 7938),
(2416, 12, 7946),
(2417, 12, 7980),
(2418, 12, 8005),
(2419, 12, 8019),
(2420, 12, 8027),
(2421, 12, 8035),
(2422, 12, 8036),
(2423, 12, 8040),
(2424, 12, 8077),
(2425, 12, 8078),
(2426, 12, 8081),
(2427, 12, 8084),
(2428, 12, 8089),
(2429, 12, 8204),
(2430, 12, 8297),
(2431, 12, 8314),
(2432, 12, 8316),
(2433, 12, 8325),
(2434, 12, 8331),
(2435, 12, 8338),
(2436, 12, 8350),
(2437, 12, 8440),
(2438, 12, 8841),
(2439, 12, 8861),
(2440, 12, 8911),
(2441, 12, 8922),
(2442, 12, 9022),
(2443, 12, 9131),
(2444, 12, 9174),
(2445, 12, 9342),
(2446, 12, 9436),
(2447, 12, 9439),
(2448, 12, 9440),
(2449, 12, 9447),
(2450, 12, 9494),
(2451, 12, 9540),
(2452, 12, 9544),
(2453, 12, 9547),
(2454, 12, 9549),
(2455, 12, 9564),
(2456, 12, 9568),
(2457, 12, 9619),
(2458, 12, 9728),
(2459, 12, 9735),
(2460, 12, 9786),
(2461, 12, 9846),
(2462, 12, 9886),
(2463, 12, 9911),
(2464, 12, 9926),
(2465, 12, 9929),
(2466, 12, 9952),
(2467, 12, 9979),
(2468, 12, 9984),
(2469, 12, 9985),
(2470, 12, 9990),
(2471, 12, 9996),
(2472, 12, 9999),
(2473, 12, 10000),
(2474, 12, 10001),
(2475, 12, 10003),
(2476, 12, 10011),
(2477, 12, 10040),
(2478, 12, 10071),
(2479, 12, 10149),
(2480, 12, 10152),
(2481, 12, 10180),
(2482, 12, 10181),
(2483, 12, 10198),
(2484, 12, 10199),
(2485, 12, 10201),
(2486, 12, 10202),
(2487, 12, 10204),
(2488, 12, 10205),
(2489, 12, 10208),
(2490, 12, 10218),
(2491, 12, 10224),
(2492, 12, 10225),
(2493, 12, 10239),
(2494, 12, 10263),
(2495, 12, 10267),
(2496, 12, 10275),
(2497, 12, 10305),
(2498, 12, 10306),
(2499, 12, 10312),
(2500, 12, 10330),
(2501, 12, 10341),
(2502, 12, 10349),
(2503, 12, 10361),
(2504, 12, 10374),
(2505, 12, 10448),
(2506, 12, 10449),
(2507, 12, 10458),
(2508, 12, 10460),
(2509, 12, 10479),
(2510, 12, 10493),
(2511, 12, 10524),
(2512, 12, 10525),
(2513, 12, 10528),
(2514, 12, 10548),
(2515, 12, 10552),
(2516, 12, 10553),
(2517, 12, 10554),
(2518, 12, 10555),
(2519, 12, 10556),
(2520, 12, 10557),
(2521, 12, 10558),
(2522, 12, 10559),
(2523, 12, 10560),
(2524, 12, 10561),
(2525, 12, 10562),
(2526, 12, 10566),
(2527, 12, 10571),
(2528, 12, 10574),
(2529, 12, 10575),
(2530, 12, 10577),
(2531, 12, 10587),
(2532, 12, 10588),
(2533, 12, 10589),
(2534, 12, 10590),
(2535, 12, 10591),
(2536, 12, 10599),
(2537, 12, 10602),
(2538, 12, 10604),
(2539, 12, 10605),
(2540, 12, 10606),
(2541, 12, 10607),
(2542, 12, 10608),
(2543, 12, 10667),
(2544, 12, 10735),
(2545, 12, 10991),
(2546, 12, 11271),
(2547, 12, 11275),
(2548, 12, 11459),
(2549, 12, 11466),
(2550, 12, 11565),
(2551, 12, 11622),
(2552, 12, 11654),
(2553, 12, 11689),
(2554, 12, 11692),
(2555, 12, 11729),
(2556, 12, 11780),
(2557, 12, 11827),
(2558, 12, 11854),
(2559, 12, 11883),
(2560, 12, 11907),
(2561, 12, 11944),
(2562, 12, 11964),
(2563, 12, 11996),
(2564, 12, 12139),
(2565, 12, 12189),
(2566, 12, 12200),
(2567, 12, 12275),
(2568, 12, 12287),
(2569, 12, 12312),
(2570, 12, 12334),
(2571, 12, 12336),
(2572, 12, 12358),
(2573, 12, 12359),
(2574, 12, 12407),
(2575, 12, 12451),
(2576, 12, 12459),
(2577, 12, 12463),
(2578, 12, 12464),
(2579, 12, 12543),
(2580, 12, 12549),
(2581, 12, 12587),
(2582, 12, 12600),
(2583, 12, 12610),
(2584, 12, 12626),
(2585, 12, 12646),
(2586, 12, 12647),
(2587, 12, 12669),
(2588, 12, 12693),
(2589, 12, 12750),
(2590, 12, 12785),
(2591, 12, 12809),
(2592, 12, 12814),
(2593, 12, 12821),
(2594, 12, 12859),
(2595, 12, 12870),
(2596, 12, 12874),
(2597, 12, 12877),
(2598, 12, 12884),
(2599, 12, 12891),
(2600, 12, 12932),
(2601, 12, 12938),
(2602, 12, 12939),
(2603, 12, 12940),
(2604, 12, 12957),
(2605, 12, 12959),
(2606, 12, 12960),
(2607, 12, 12962),
(2608, 12, 12965),
(2609, 12, 12998),
(2610, 12, 13042),
(2611, 12, 13043),
(2612, 12, 13071),
(2613, 12, 13076),
(2614, 12, 13103),
(2615, 12, 13107),
(2616, 12, 13132),
(2617, 12, 13144),
(2618, 12, 13172),
(2619, 12, 13182),
(2620, 12, 13207),
(2621, 12, 13211),
(2622, 12, 13252),
(2623, 12, 13254),
(2624, 12, 13275),
(2625, 12, 13278),
(2626, 12, 13321),
(2627, 12, 13380),
(2628, 12, 13408),
(2629, 12, 13460),
(2630, 12, 13502),
(2631, 12, 13507),
(2632, 12, 13509),
(2633, 12, 13518),
(2634, 12, 13527),
(2635, 12, 13549),
(2636, 12, 13613),
(2637, 12, 13631),
(2638, 12, 13704),
(2639, 12, 13708),
(2640, 12, 13709),
(2641, 12, 13716),
(2642, 12, 13717),
(2643, 12, 13718),
(2644, 12, 13731),
(2645, 12, 13752),
(2646, 12, 13795),
(2647, 12, 13807),
(2648, 12, 13825),
(2649, 12, 13839),
(2650, 12, 13842),
(2651, 12, 13844),
(2652, 12, 13860),
(2653, 12, 13864),
(2654, 12, 13868),
(2655, 12, 13871),
(2656, 12, 13875),
(2657, 12, 13887),
(2658, 12, 13889),
(2659, 12, 13893),
(2660, 12, 13894),
(2661, 12, 13900),
(2662, 12, 13902),
(2663, 12, 13903),
(2664, 12, 13951),
(2665, 12, 13952),
(2666, 12, 13953),
(2667, 12, 13954),
(2668, 12, 13955),
(2669, 12, 13956),
(2670, 12, 13957),
(2671, 12, 13958),
(2672, 12, 13959),
(2673, 12, 13960),
(2674, 12, 13961),
(2675, 12, 13962),
(2676, 12, 13963),
(2677, 12, 13964),
(2678, 12, 13965),
(2679, 12, 13966),
(2680, 12, 13967),
(2681, 12, 13968),
(2682, 12, 13969),
(2683, 12, 13970),
(2684, 12, 13971),
(2685, 12, 13972),
(2686, 12, 13973),
(2687, 12, 13974),
(2688, 12, 13975),
(2689, 12, 13976),
(2690, 12, 13977),
(2691, 12, 13978),
(2692, 12, 13979),
(2693, 12, 13980),
(2694, 12, 13981),
(2695, 12, 13982),
(2696, 12, 13983),
(2697, 12, 13984),
(2698, 12, 13985),
(2699, 12, 13986),
(2700, 12, 13987),
(2701, 12, 13988),
(2702, 12, 13989),
(2703, 12, 13990),
(2704, 12, 13991),
(2705, 12, 13992),
(2706, 12, 13993),
(2707, 12, 13994),
(2708, 12, 13995),
(2709, 12, 13996),
(2710, 12, 13997);

-- --------------------------------------------------------

--
-- Table structure for table `news`
--

DROP TABLE IF EXISTS `news`;
CREATE TABLE IF NOT EXISTS `news` (
  `description` varchar(1024) DEFAULT NULL
) ENGINE=InnoDB DEFAULT CHARSET=utf8;

--
-- Dumping data for table `news`
--

INSERT INTO `news` (`description`) VALUES
('<!DOCTYPE html PUBLIC "-//W3C//DTD XHTML 1.0 Transitional//EN" "http://www.w3.org/TR/xhtml1/DTD/xhtml1-transitional.dtd">\r\n<html>\r\n<head>\r\n</head>\r\n<body>\r\n<p>A new mandatory online learning module is now available for all staff to complete from DisabledGo. These modules look at equality in both legal and practical terms as well as language, types of impairment and advice on accessible services. <a href="http://training.disabledgo.com/auth/register/canterbury-college" target="_blank">http://training.disabledgo.com/auth/register/canterbury-college</a> Please follow the link and login by registering an email, username and password. You''ll also be able to access this link via the VLE shortly by looking under Staff Training....</p>\r\n</body>\r\n</html>');

-- --------------------------------------------------------

--
-- Table structure for table `news_items`
--

DROP TABLE IF EXISTS `news_items`;
CREATE TABLE IF NOT EXISTS `news_items` (
  `id` int(11) NOT NULL AUTO_INCREMENT,
  `date` timestamp NOT NULL DEFAULT CURRENT_TIMESTAMP ON UPDATE CURRENT_TIMESTAMP,
  `description` varchar(500) DEFAULT NULL,
  PRIMARY KEY (`id`)
) ENGINE=MyISAM  DEFAULT CHARSET=latin1 AUTO_INCREMENT=11 ;

--
-- Dumping data for table `news_items`
--

INSERT INTO `news_items` (`id`, `date`, `description`) VALUES
(9, '2013-07-05 15:28:15', '<!DOCTYPE html PUBLIC "-//W3C//DTD XHTML 1.0 Transitional//EN" "http://www.w3.org/TR/xhtml1/DTD/xhtml1-transitional.dtd">\r\n<html>\r\n<head>\r\n</head>\r\n<body>\r\n<p>Example news item 3.</p>\r\n</body>\r\n</html>'),
(8, '2013-07-05 15:28:31', '<!DOCTYPE html PUBLIC "-//W3C//DTD XHTML 1.0 Transitional//EN" "http://www.w3.org/TR/xhtml1/DTD/xhtml1-transitional.dtd">\r\n<html>\r\n<head>\r\n</head>\r\n<body>\r\n<p>Example news item 3.</p>\r\n</body>\r\n</html>'),
(10, '2013-07-05 15:57:03', '<!DOCTYPE html PUBLIC "-//W3C//DTD XHTML 1.0 Transitional//EN" "http://www.w3.org/TR/xhtml1/DTD/xhtml1-transitional.dtd">\r\n<html>\r\n<head>\r\n</head>\r\n<body>\r\n<p>Rise and Shine!!!</p>\r\n</body>\r\n</html>');

-- --------------------------------------------------------

--
-- Table structure for table `priority_type`
--

DROP TABLE IF EXISTS `priority_type`;
CREATE TABLE IF NOT EXISTS `priority_type` (
  `id` int(11) NOT NULL AUTO_INCREMENT,
  `description` varchar(50) NOT NULL,
  `sort_order` int(2) NOT NULL,
  PRIMARY KEY (`id`)
) ENGINE=InnoDB  DEFAULT CHARSET=utf8 AUTO_INCREMENT=10 ;

--
-- Dumping data for table `priority_type`
--

INSERT INTO `priority_type` (`id`, `description`, `sort_order`) VALUES
(7, 'High', 1),
(8, 'Medium', 2),
(9, 'Low', 3);

-- --------------------------------------------------------

--
-- Table structure for table `section`
--

DROP TABLE IF EXISTS `section`;
CREATE TABLE IF NOT EXISTS `section` (
  `id` int(11) NOT NULL AUTO_INCREMENT,
  `description` varchar(100) NOT NULL,
  `faculty` int(11) NOT NULL,
  PRIMARY KEY (`id`)
) ENGINE=InnoDB  DEFAULT CHARSET=utf8 COMMENT='college organisational structure' AUTO_INCREMENT=65 ;

--
-- Dumping data for table `section`
--

INSERT INTO `section` (`id`, `description`, `faculty`) VALUES
(0, 'Unknown Section', 0),
(1, 'Business Training Centre', 1),
(2, 'Commercial Catering', 1),
(3, 'CTR', 1),
(4, 'Employer Responsive', 1),
(5, 'International Provision', 1),
(6, 'Marketing', 1),
(7, 'HE/Access Arts, Health & Education', 2),
(8, 'HE/Access Business & Technology', 2),
(9, 'Higher Education', 2),
(10, 'A Levels', 3),
(11, 'Equine & Animal Care', 3),
(12, 'Maths, Science, Agriculture & Floristry', 3),
(13, 'Higher Education', 0),
(14, 'Additional Learning Support', 4),
(15, 'Children''s Centre', 4),
(16, 'Information & Guidance', 4),
(17, 'Learning Resource Centre', 4),
(18, 'Registry', 4),
(19, 'Student Activities', 4),
(20, 'Additional Learning Support', 0),
(21, 'Information & Guidance', 0),
(22, 'Learning Resource Centre', 0),
(23, 'Registry', 0),
(24, 'Student Activities', 0),
(25, 'HE/Access Arts, Health & Education', 5),
(26, 'HE/Access Business & Technology', 6),
(27, 'Capital Projects', 7),
(28, 'Human Resources', 8),
(29, 'KAFEC', 8),
(30, 'Additional Learning Support', 8),
(31, 'Additional Learning Support - Swale', 9),
(32, 'Dance/Dramatic Arts', 10),
(33, 'Fine Arts/Crafts/Design', 11),
(34, 'Media', 12),
(35, 'Music', 12),
(36, 'Building Services', 13),
(37, 'Construction Craft', 13),
(38, 'Engineering/Manufacturing', 13),
(39, 'Motor Vehicle', 13),
(40, 'Early Childhood Education', 17),
(41, 'Health & Social Care', 17),
(42, 'Supported Learning', 17),
(43, 'Uniformed Public Services', 17),
(44, 'Beauty', 14),
(45, 'Business & ICT', 14),
(46, 'Hair', 14),
(47, 'Sports, Leisure, Travel & Tourism & Catering', 14),
(48, 'Additional Learning Support - Swale', 15),
(49, 'Business & Finance - Swale', 15),
(50, 'Catering - Swale', 15),
(51, 'Central Support - Swale', 15),
(52, 'Construction - Swale', 15),
(53, 'Hair & Beauty - Swale', 15),
(54, 'ICT', 15),
(55, 'Learning Resources - Swale', 15),
(56, 'Computing Support', 16),
(57, 'Estates', 16),
(58, 'Finance', 16),
(59, 'Funding & Performance Review', 16),
(63, 'NEW TEST', 7),
(64, 'All', 22);

-- --------------------------------------------------------

--
-- Table structure for table `target`
--

DROP TABLE IF EXISTS `target`;
CREATE TABLE IF NOT EXISTS `target` (
  `id` int(11) NOT NULL AUTO_INCREMENT,
  `title` varchar(150) DEFAULT NULL,
  `title_ext` varchar(150) DEFAULT NULL,
  `description` varchar(600) DEFAULT NULL,
  `status_id` int(11) DEFAULT NULL,
  `moodle_user_id` bigint(10) DEFAULT NULL,
  `target_date` varchar(20) DEFAULT NULL,
  PRIMARY KEY (`id`),
  KEY `targets_ibfk_2` (`status_id`),
  KEY `targets_ibfk_1` (`moodle_user_id`)
) ENGINE=InnoDB  DEFAULT CHARSET=utf8 AUTO_INCREMENT=15 ;

--
-- Dumping data for table `target`
--

INSERT INTO `target` (`id`, `title`, `title_ext`, `description`, `status_id`, `moodle_user_id`, `target_date`) VALUES
(1, '1 Teaching and Learning', 'Assessment and Feedback', '<!DOCTYPE html PUBLIC "-//W3C//DTD XHTML 1.0 Transitional//EN" "http://www.w3.org/TR/xhtml1/DTD/xhtml1-transitional.dtd">\r\n<html>\r\n<head>\r\n</head>\r\n<body>\r\n<div>&middot; Use a range of assessment methods which evaluate the learning in the classroom every 10 minutes.</div>\r\n<div>&nbsp;</div>\r\n<div>&middot; Provide effective written feedback for assignments within 4 days of submission.</div>\r\n<div>&nbsp;</div>\r\n<div>&middot; Use verbal praise and recognition in the classroom environment...</div>\r\n</body>\r\n</html>', 7, 43, '14/05/2013'),
(2, '2 ACR/Departmental', 'Raise retention on course ABX5689DHJ from 89% to 95%.', '<!DOCTYPE html PUBLIC "-//W3C//DTD XHTML 1.0 Transitional//EN" "http://www.w3.org/TR/xhtml1/DTD/xhtml1-transitional.dtd">\r\n<html>\r\n<head>\r\n</head>\r\n<body>\r\n<p>&middot; Liaise with Christine Bunting in ALS regarding the adjustments for dyslexia needed for resources.</p>\r\n<p>&middot; Ensure all lesson plans include the differentiated activities and assessments for students X and Y.</p>\r\n<p>&middot; Share the lesson plan in advance with their LSP.</p>\r\n</body>\r\n</html>', 8, 43, '30/04/2013'),
(4, '3 Student focus', 'Raise retention on course ABX5689DHJ from 89% to 95%.', '<!DOCTYPE html PUBLIC "-//W3C//DTD XHTML 1.0 Transitional//EN" "http://www.w3.org/TR/xhtml1/DTD/xhtml1-transitional.dtd">\n<html>\n<head>\n</head>\n<body>\n<p>&middot; Feedback states students leave due to lack of enrichment activities and resources available on the VLE.</p>\n<p>&middot; Work with manager to identify good practice</p>\n<p>&middot; peer observe colleague with desired use of ILT</p>\n<p>&middot; Work with colleagues A and B to design 3 enrichment activities and trips which address the employability skills of teamwork, problem solving and communication.</p>\n</body>\n</html>', 7, 43, '18/07/2013'),
(10, '1 Teaching and Learning', 'Assessment and Feedback', '<!DOCTYPE html PUBLIC "-//W3C//DTD XHTML 1.0 Transitional//EN" "http://www.w3.org/TR/xhtml1/DTD/xhtml1-transitional.dtd">\r\n<html>\r\n<head>\r\n</head>\r\n<body>\r\n<p>&middot; Use a range of assessment methods which evaluate the learning in the classroom every 10 minutes.</p>\r\n<p>&nbsp;</p>\r\n<p>&middot; Provide effective written feedback for assignments within 4 days of submission.</p>\r\n<p>&nbsp;</p>\r\n<p>&middot; Use verbal praise and recognition in the classroom environment...</p>\r\n</body>\r\n</html>', 7, 2528, '11/07/2013'),
(11, '2 ACR/Departmental', 'Raise retention on course ABX5689DHJ from 89% to 95%.', '<!DOCTYPE html PUBLIC "-//W3C//DTD XHTML 1.0 Transitional//EN" "http://www.w3.org/TR/xhtml1/DTD/xhtml1-transitional.dtd">\r\n<html>\r\n<head>\r\n</head>\r\n<body>\r\n<p>&middot; Liaise with Christine Bunting in ALS regarding the adjustments for dyslexia needed for resources.</p>\r\n<p>&nbsp;</p>\r\n<p>&middot; Ensure all lesson plans include the differentiated activities and assessments for students X and Y.</p>\r\n<p>&nbsp;</p>\r\n<p>&middot; Share the lesson plan in advance with their LSP.</p>\r\n</body>\r\n</html>', 7, 2528, '27/07/2013'),
(12, '3 Student focus', 'Raise retention on course ABX5689DHJ from 89% to 95%.', '<!DOCTYPE html PUBLIC "-//W3C//DTD XHTML 1.0 Transitional//EN" "http://www.w3.org/TR/xhtml1/DTD/xhtml1-transitional.dtd">\r\n<html>\r\n<head>\r\n</head>\r\n<body>\r\n<p>&middot; Feedback states students leave due to lack of enrichment activities and resources available on the VLE.</p>\r\n<p>&nbsp;</p>\r\n<p>&middot; Work with manager to identify good practice</p>\r\n<p>&nbsp;</p>\r\n<p>&middot; peer observe colleague with desired use of ILT</p>\r\n<p>&nbsp;</p>\r\n<p>&middot; Work with colleagues A and B to design 3 enrichment activities and trips which address the employability skills of teamwork, problem solving ', 7, 2528, '31/07/2013');

-- --------------------------------------------------------

--
-- Table structure for table `target_status`
--

DROP TABLE IF EXISTS `target_status`;
CREATE TABLE IF NOT EXISTS `target_status` (
  `id` int(11) NOT NULL AUTO_INCREMENT,
  `title` varchar(50) DEFAULT NULL,
  `sort_order` int(11) DEFAULT NULL,
  PRIMARY KEY (`id`)
) ENGINE=InnoDB  DEFAULT CHARSET=utf8 AUTO_INCREMENT=9 ;

--
-- Dumping data for table `target_status`
--

INSERT INTO `target_status` (`id`, `title`, `sort_order`) VALUES
(7, 'Current', 1),
(8, 'Archived', 2);

-- --------------------------------------------------------

--
-- Stand-in structure for view `v_activity`
--
DROP VIEW IF EXISTS `v_activity`;
CREATE TABLE IF NOT EXISTS `v_activity` (
`id` int(11)
,`moodle_user_id` bigint(10)
,`title` varchar(250)
,`evaluation_notes` varchar(500)
,`impact` varchar(250)
,`provider` varchar(250)
,`learning_outcomes` varchar(250)
,`planned_date` date
,`cpd_type_id` int(11)
,`cpd_type` varchar(50)
,`target_id` int(11)
,`target` varchar(150)
,`priority_type_id` int(11)
,`priority_type` varchar(50)
,`completed_date` date
,`evaluation_url` varchar(50)
,`hours_of_cpd` decimal(7,2)
,`rating` int(1)
);
-- --------------------------------------------------------

--
-- Stand-in structure for view `v_activity_group`
--
DROP VIEW IF EXISTS `v_activity_group`;
CREATE TABLE IF NOT EXISTS `v_activity_group` (
`id` int(11)
,`staff_id` bigint(10)
,`staff_displayname` varchar(201)
,`manager_id` bigint(10) unsigned
,`manager_displayname` varchar(201)
,`group` varchar(100)
,`section` varchar(100)
,`faculty` varchar(100)
,`title` varchar(250)
,`impact` varchar(250)
,`provider` varchar(250)
,`learning_outcomes` varchar(250)
,`planned_date` date
,`cpd_type_id` int(11)
,`cpd_type` varchar(50)
,`target_id` int(11)
,`target` varchar(150)
,`priority_type_id` int(11)
,`priority_type` varchar(50)
,`completed_date` date
,`evaluation_url` varchar(50)
,`hours_of_cpd` decimal(7,2)
,`rating` int(1)
);
-- --------------------------------------------------------

--
-- Stand-in structure for view `v_manager_all_staff_activities`
--
DROP VIEW IF EXISTS `v_manager_all_staff_activities`;
CREATE TABLE IF NOT EXISTS `v_manager_all_staff_activities` (
`id` int(11)
,`moodle_user_id` bigint(10)
,`title` varchar(250)
,`evaluation_notes` varchar(500)
,`impact` varchar(250)
,`provider` varchar(250)
,`learning_outcomes` varchar(250)
,`planned_date` date
,`cpd_type_id` int(11)
,`cpd_type` varchar(50)
,`target_id` int(11)
,`target` varchar(150)
,`priority_type_id` int(11)
,`priority_type` varchar(50)
,`completed_date` date
,`evaluation_url` varchar(50)
,`hours_of_cpd` decimal(7,2)
,`rating` int(1)
,`manager_group` int(11)
,`displayname` varchar(201)
);
-- --------------------------------------------------------

--
-- Stand-in structure for view `v_manager_all_staff_mandatory`
--
DROP VIEW IF EXISTS `v_manager_all_staff_mandatory`;
CREATE TABLE IF NOT EXISTS `v_manager_all_staff_mandatory` (
`id` int(11)
,`manager_group` int(11)
,`moodle_user_id` bigint(10)
,`title` varchar(255)
,`value` longtext
,`course` bigint(10) unsigned
,`userid` bigint(10) unsigned
,`displayname` varchar(201)
);
-- --------------------------------------------------------

--
-- Stand-in structure for view `v_manager_all_staff_targets`
--
DROP VIEW IF EXISTS `v_manager_all_staff_targets`;
CREATE TABLE IF NOT EXISTS `v_manager_all_staff_targets` (
`id` int(11)
,`title` varchar(150)
,`moodle_user_id` bigint(10)
,`title_ext` varchar(150)
,`description` varchar(600)
,`status` varchar(50)
,`firstname` varchar(100)
,`lastname` varchar(100)
,`target_date` varchar(20)
,`manager_group` int(11)
);
-- --------------------------------------------------------

--
-- Stand-in structure for view `v_scores`
--
DROP VIEW IF EXISTS `v_scores`;
CREATE TABLE IF NOT EXISTS `v_scores` (
`title` varchar(255)
,`value` longtext
,`course` bigint(10) unsigned
,`userid` bigint(10) unsigned
);
-- --------------------------------------------------------

--
-- Stand-in structure for view `v_section_name`
--
DROP VIEW IF EXISTS `v_section_name`;
CREATE TABLE IF NOT EXISTS `v_section_name` (
`id` int(11)
,`description` varchar(100)
);
-- --------------------------------------------------------

--
-- Stand-in structure for view `v_staff`
--
DROP VIEW IF EXISTS `v_staff`;
CREATE TABLE IF NOT EXISTS `v_staff` (
`id` bigint(10) unsigned
,`username` varchar(100)
,`firstname` varchar(100)
,`lastname` varchar(100)
,`deleted` tinyint(1)
,`displayname` varchar(201)
,`email` varchar(100)
);
-- --------------------------------------------------------

--
-- Stand-in structure for view `v_targets_with_status`
--
DROP VIEW IF EXISTS `v_targets_with_status`;
CREATE TABLE IF NOT EXISTS `v_targets_with_status` (
`id` int(11)
,`title` varchar(150)
,`title_ext` varchar(150)
,`description` varchar(600)
,`status_id` int(11)
,`moodle_user_id` bigint(10)
,`target_date` varchar(20)
,`status` varchar(50)
);
-- --------------------------------------------------------

--
-- Stand-in structure for view `v_targets_with_status_and_name`
--
DROP VIEW IF EXISTS `v_targets_with_status_and_name`;
CREATE TABLE IF NOT EXISTS `v_targets_with_status_and_name` (
`id` int(11)
,`title` varchar(150)
,`moodle_user_id` bigint(10)
,`title_ext` varchar(150)
,`description` varchar(600)
,`status` varchar(50)
,`firstname` varchar(100)
,`lastname` varchar(100)
,`target_date` varchar(20)
);
-- --------------------------------------------------------

--
-- Structure for view `v_activity`
--
DROP TABLE IF EXISTS `v_activity`;

CREATE ALGORITHM=UNDEFINED DEFINER=`root`@`%` SQL SECURITY DEFINER VIEW `v_activity` AS select `activity`.`id` AS `id`,`activity`.`moodle_user_id` AS `moodle_user_id`,`activity`.`title` AS `title`,`activity`.`evaluation_notes` AS `evaluation_notes`,`activity`.`impact` AS `impact`,`activity`.`provider` AS `provider`,`activity`.`learning_outcomes` AS `learning_outcomes`,`activity`.`planned_date` AS `planned_date`,`activity`.`cpd_type_id` AS `cpd_type_id`,`cpd_type`.`description` AS `cpd_type`,`activity`.`target_id` AS `target_id`,`target`.`title` AS `target`,`activity`.`priority_type_id` AS `priority_type_id`,`priority_type`.`description` AS `priority_type`,`activity`.`completed_date` AS `completed_date`,`activity`.`evaluation_url` AS `evaluation_url`,`activity`.`hours_of_cpd` AS `hours_of_cpd`,`activity`.`rating` AS `rating` from (((`activity` left join `cpd_type` on((`activity`.`cpd_type_id` = `cpd_type`.`id`))) left join `priority_type` on((`activity`.`priority_type_id` = `priority_type`.`id`))) left join `target` on((`activity`.`target_id` = `target`.`id`)));

-- --------------------------------------------------------

--
-- Structure for view `v_activity_group`
--
DROP TABLE IF EXISTS `v_activity_group`;

CREATE ALGORITHM=UNDEFINED DEFINER=`root`@`localhost` SQL SECURITY DEFINER VIEW `v_activity_group` AS select `activity`.`id` AS `id`,`activity`.`moodle_user_id` AS `staff_id`,`staff`.`displayname` AS `staff_displayname`,`staff_manager`.`id` AS `manager_id`,`staff_manager`.`displayname` AS `manager_displayname`,`manager_group`.`description` AS `group`,`section`.`description` AS `section`,`faculty`.`description` AS `faculty`,`activity`.`title` AS `title`,`activity`.`impact` AS `impact`,`activity`.`provider` AS `provider`,`activity`.`learning_outcomes` AS `learning_outcomes`,`activity`.`planned_date` AS `planned_date`,`activity`.`cpd_type_id` AS `cpd_type_id`,`cpd_type`.`description` AS `cpd_type`,`activity`.`target_id` AS `target_id`,`target`.`title` AS `target`,`activity`.`priority_type_id` AS `priority_type_id`,`priority_type`.`description` AS `priority_type`,`activity`.`completed_date` AS `completed_date`,`activity`.`evaluation_url` AS `evaluation_url`,`activity`.`hours_of_cpd` AS `hours_of_cpd`,`activity`.`rating` AS `rating` from (((((((((`activity` left join `cpd_type` on((`activity`.`cpd_type_id` = `cpd_type`.`id`))) left join `priority_type` on((`activity`.`priority_type_id` = `priority_type`.`id`))) left join `target` on((`activity`.`target_id` = `target`.`id`))) join `v_staff` `staff` on((`activity`.`moodle_user_id` = `staff`.`id`))) join `manager_group_detail` on((`manager_group_detail`.`moodle_user_id` = `activity`.`moodle_user_id`))) left join `manager_group` on((`manager_group_detail`.`manager_group` = `manager_group`.`id`))) left join `v_staff` `staff_manager` on((`manager_group`.`manager` = `staff_manager`.`id`))) left join `section` on((`manager_group`.`section` = `section`.`id`))) left join `faculty` on((`section`.`faculty` = `faculty`.`id`)));

-- --------------------------------------------------------

--
-- Structure for view `v_manager_all_staff_activities`
--
DROP TABLE IF EXISTS `v_manager_all_staff_activities`;

CREATE ALGORITHM=UNDEFINED DEFINER=`root`@`%` SQL SECURITY DEFINER VIEW `v_manager_all_staff_activities` AS select `v_activity`.`id` AS `id`,`v_activity`.`moodle_user_id` AS `moodle_user_id`,`v_activity`.`title` AS `title`,`v_activity`.`evaluation_notes` AS `evaluation_notes`,`v_activity`.`impact` AS `impact`,`v_activity`.`provider` AS `provider`,`v_activity`.`learning_outcomes` AS `learning_outcomes`,`v_activity`.`planned_date` AS `planned_date`,`v_activity`.`cpd_type_id` AS `cpd_type_id`,`v_activity`.`cpd_type` AS `cpd_type`,`v_activity`.`target_id` AS `target_id`,`v_activity`.`target` AS `target`,`v_activity`.`priority_type_id` AS `priority_type_id`,`v_activity`.`priority_type` AS `priority_type`,`v_activity`.`completed_date` AS `completed_date`,`v_activity`.`evaluation_url` AS `evaluation_url`,`v_activity`.`hours_of_cpd` AS `hours_of_cpd`,`v_activity`.`rating` AS `rating`,`manager_group_detail`.`manager_group` AS `manager_group`,`v_staff`.`displayname` AS `displayname` from ((`v_activity` join `manager_group_detail` on((`v_activity`.`moodle_user_id` = `manager_group_detail`.`moodle_user_id`))) join `v_staff` on((`v_activity`.`moodle_user_id` = `v_staff`.`id`)));

-- --------------------------------------------------------

--
-- Structure for view `v_manager_all_staff_mandatory`
--
DROP TABLE IF EXISTS `v_manager_all_staff_mandatory`;

CREATE ALGORITHM=UNDEFINED DEFINER=`root`@`%` SQL SECURITY DEFINER VIEW `v_manager_all_staff_mandatory` AS select `manager_group_detail`.`id` AS `id`,`manager_group_detail`.`manager_group` AS `manager_group`,`manager_group_detail`.`moodle_user_id` AS `moodle_user_id`,`v_scores`.`title` AS `title`,`v_scores`.`value` AS `value`,`v_scores`.`course` AS `course`,`v_scores`.`userid` AS `userid`,`v_staff`.`displayname` AS `displayname` from ((`manager_group_detail` join `v_scores` on((`manager_group_detail`.`moodle_user_id` = `v_scores`.`userid`))) join `v_staff` on((`manager_group_detail`.`moodle_user_id` = `v_staff`.`id`)));

-- --------------------------------------------------------

--
-- Structure for view `v_manager_all_staff_targets`
--
DROP TABLE IF EXISTS `v_manager_all_staff_targets`;

CREATE ALGORITHM=UNDEFINED DEFINER=`root`@`%` SQL SECURITY DEFINER VIEW `v_manager_all_staff_targets` AS select `v_targets_with_status_and_name`.`id` AS `id`,`v_targets_with_status_and_name`.`title` AS `title`,`v_targets_with_status_and_name`.`moodle_user_id` AS `moodle_user_id`,`v_targets_with_status_and_name`.`title_ext` AS `title_ext`,`v_targets_with_status_and_name`.`description` AS `description`,`v_targets_with_status_and_name`.`status` AS `status`,`v_targets_with_status_and_name`.`firstname` AS `firstname`,`v_targets_with_status_and_name`.`lastname` AS `lastname`,`v_targets_with_status_and_name`.`target_date` AS `target_date`,`manager_group_detail`.`manager_group` AS `manager_group` from (`v_targets_with_status_and_name` join `manager_group_detail` on((`v_targets_with_status_and_name`.`moodle_user_id` = `manager_group_detail`.`moodle_user_id`)));

-- --------------------------------------------------------

--
-- Structure for view `v_scores`
--
DROP TABLE IF EXISTS `v_scores`;

CREATE ALGORITHM=UNDEFINED DEFINER=`root`@`%` SQL SECURITY DEFINER VIEW `v_scores` AS select `moodle`.`mdl_scorm_scoes`.`title` AS `title`,`moodle`.`mdl_scorm_scoes_track`.`value` AS `value`,`moodle`.`mdl_scorm`.`course` AS `course`,`moodle`.`mdl_scorm_scoes_track`.`userid` AS `userid` from ((`moodle`.`mdl_scorm_scoes_track` join `moodle`.`mdl_scorm_scoes` on((`moodle`.`mdl_scorm_scoes_track`.`scoid` = `moodle`.`mdl_scorm_scoes`.`id`))) join `moodle`.`mdl_scorm` on((`moodle`.`mdl_scorm_scoes_track`.`scormid` = `moodle`.`mdl_scorm`.`id`))) where ((`moodle`.`mdl_scorm_scoes_track`.`element` = 'cmi.core.score.raw') and ((`moodle`.`mdl_scorm`.`course` = '328') or (`moodle`.`mdl_scorm`.`course` = '333') or (`moodle`.`mdl_scorm`.`course` = '334') or (`moodle`.`mdl_scorm`.`course` = '335') or (`moodle`.`mdl_scorm`.`course` = '336') or (`moodle`.`mdl_scorm`.`course` = '337') or (`moodle`.`mdl_scorm`.`course` = '338') or (`moodle`.`mdl_scorm`.`course` = '339') or (`moodle`.`mdl_scorm`.`course` = '340') or (`moodle`.`mdl_scorm`.`course` = '1910')));

-- --------------------------------------------------------

--
-- Structure for view `v_section_name`
--
DROP TABLE IF EXISTS `v_section_name`;

CREATE ALGORITHM=UNDEFINED DEFINER=`root`@`%` SQL SECURITY DEFINER VIEW `v_section_name` AS select `manager_group`.`id` AS `id`,`section`.`description` AS `description` from (`manager_group` join `section` on((`manager_group`.`section` = `section`.`id`)));

-- --------------------------------------------------------

--
-- Structure for view `v_staff`
--
DROP TABLE IF EXISTS `v_staff`;

CREATE ALGORITHM=UNDEFINED DEFINER=`root`@`%` SQL SECURITY DEFINER VIEW `v_staff` AS select `moodle`.`mdl_user`.`id` AS `id`,`moodle`.`mdl_user`.`username` AS `username`,`moodle`.`mdl_user`.`firstname` AS `firstname`,`moodle`.`mdl_user`.`lastname` AS `lastname`,`moodle`.`mdl_user`.`deleted` AS `deleted`,concat(`moodle`.`mdl_user`.`firstname`,' ',`moodle`.`mdl_user`.`lastname`) AS `displayname`,`moodle`.`mdl_user`.`email` AS `email` from `moodle`.`mdl_user` where ((not((`moodle`.`mdl_user`.`email` like '%@student%'))) and (`moodle`.`mdl_user`.`deleted` = '0'));

-- --------------------------------------------------------

--
-- Structure for view `v_targets_with_status`
--
DROP TABLE IF EXISTS `v_targets_with_status`;

CREATE ALGORITHM=UNDEFINED DEFINER=`mycpd_admin`@`%` SQL SECURITY DEFINER VIEW `v_targets_with_status` AS select `target`.`id` AS `id`,`target`.`title` AS `title`,`target`.`title_ext` AS `title_ext`,`target`.`description` AS `description`,`target`.`status_id` AS `status_id`,`target`.`moodle_user_id` AS `moodle_user_id`,`target`.`target_date` AS `target_date`,`target_status`.`title` AS `status` from (`target` join `target_status` on((`target`.`status_id` = `target_status`.`id`)));

-- --------------------------------------------------------

--
-- Structure for view `v_targets_with_status_and_name`
--
DROP TABLE IF EXISTS `v_targets_with_status_and_name`;

CREATE ALGORITHM=UNDEFINED DEFINER=`root`@`%` SQL SECURITY DEFINER VIEW `v_targets_with_status_and_name` AS select `target`.`id` AS `id`,`target`.`title` AS `title`,`target`.`moodle_user_id` AS `moodle_user_id`,`target`.`title_ext` AS `title_ext`,`target`.`description` AS `description`,`target_status`.`title` AS `status`,`v_staff`.`firstname` AS `firstname`,`v_staff`.`lastname` AS `lastname`,`target`.`target_date` AS `target_date` from ((`target` join `target_status` on((`target`.`status_id` = `target_status`.`id`))) join `v_staff` on((`target`.`moodle_user_id` = `v_staff`.`id`)));

--
-- Constraints for dumped tables
--

--
-- Constraints for table `activity`
--
ALTER TABLE `activity`
  ADD CONSTRAINT `activity_ibfk_1` FOREIGN KEY (`cpd_type_id`) REFERENCES `cpd_type` (`id`),
  ADD CONSTRAINT `Learning_plan_detail_ibfk_2` FOREIGN KEY (`target_id`) REFERENCES `target` (`id`),
  ADD CONSTRAINT `Learning_plan_detail_ibfk_3` FOREIGN KEY (`priority_type_id`) REFERENCES `priority_type` (`id`);

--
-- Constraints for table `manager_group`
--
ALTER TABLE `manager_group`
  ADD CONSTRAINT `manager_group_ibfk_1` FOREIGN KEY (`manager`) REFERENCES `manager` (`moodle_user_id`),
  ADD CONSTRAINT `manager_group_ibfk_2` FOREIGN KEY (`section`) REFERENCES `section` (`id`);

/*!40101 SET CHARACTER_SET_CLIENT=@OLD_CHARACTER_SET_CLIENT */;
/*!40101 SET CHARACTER_SET_RESULTS=@OLD_CHARACTER_SET_RESULTS */;
/*!40101 SET COLLATION_CONNECTION=@OLD_COLLATION_CONNECTION */;
